Sample,CRCR,GAGA,HYHY,CDRPOA,CDYAGL,CDYSTA,CDYTHA,CDYTHL,CELDUL,CELDUA,CELHEL,CELHEA,CELMIA,CELMIL,CELNAA,CELNEA,CELNEL,CGYGYL,CHAPEA,CHAPEL,CHYBEL,CHYHYL,CHYTRA,CHYTRL,CHYPAL,CLULUA,CLULUL,CPSPSL,DECDAD,DCEATL,DCECEL,DCESPP,DCHIRL,DCHIRP,DCUANL,DCUCUL,DCUCSL,DCUURL,DCUSPP,DDIDIL,DDISPP,DEMHEL,DEMMEL,DEMSPP,DEPSEL,DPSMAL,DPSSPP,DSISPL,DSISPP,DSTMYL,DSTSPP,DTAHYL,DTISPP,EBAACL,EBAAPL,EBAABL,EBABAL,EBABTL,EBACAL,EBACBL,EBACEL,EBACLL,EBAFAL,EBAPAL,ECACAL,EEPEPL,EEPSEL,EHEEOL,EHELEL,EHERHL,EISISL,ELEASL,ELELEL,ELETRL,ELEPAL,ELETHL,ELETVL,GCYCOR,GLYMSP,GPHYSP,GPLFER,HBEABA,HCOGRX,HCOPAX,HCOTRC,HGEAQU,HGEGER,HGEMET,HGETRE,HHYHYD,HMAMAC,HMEMES,HNAAMB,HNERAN,HNOBUE,HNONOT,HVEMIC,HVERHA,LCRELL,LCRPEL,MCOCOL,OAEANX,OCAHET,OCOARG,OCOCEN,OCOISC,OGOERP,OGOPRO,OLEARC,OLIBRC,OLIPAL,PCAMES,PPEISO,TBREOL,TCAPHL,TGLPCL,TGLSPP,THEHEL,THYCHL,THYHYL,THYSML,THYPUP,THYDTL,THYHYLP,THYLEL,THYMNL,THYMEL,THYOCL,THYOXL,THYSPP,TLENCL,TLEOEL,TLESPP,TLILIL,TODMAL,TPHCHL,TPOPOL,TPOPYL
F17_BFR1,0,0,0,0,0,0,0,0,0,0,0,0,30,45,0,0,0,0,0,0,0,0,0,0,0,0,0,0,0,0,0,0,210,0,0,0,0,0,0,0,0,0,0,0,0,0,0,705,0,0,0,0,0,315,0,0,390,60,0,15,0,0,0,0,0,0,0,0,0,0,0,135,1140,495,0,0,0,225,0,0,0,0,0,0,0,0,0,0,0,0,0,0,30,0,0,0,0,0,0,0,2,0,15,15,0,0,0,0,0,0,0,0,0,0,0,0,0,0,0,0,0,0,60,0,0,0,0,0,0,15,0,0,0,0,0,0,0,0
F17_BFR2,0,0,0,0,0,0,0,0,0,0,0,0,15,15,0,0,0,0,0,0,0,0,0,0,0,0,0,30,0,0,0,0,195,0,0,0,0,0,0,0,0,0,0,0,0,0,0,315,0,0,0,0,0,142.5,0,0,337.5,217.5,0,30,0,0,247.5,0,0,0,0,0,0,0,0,15,375,210,0,0,0,60,0,0,0,0,0,0,0,0,0,0,0,0,0,0,9,0,0,0,0,0,0,15,0,0,8.5,0,0,0,0,0,0,0,0,15,0,0,0,0,0,0,0,90,600,0,0,0,0,7.5,0,30,0,30,0,0,0,0,0,0,0,0
F17_BFR3,0,30,0,0,0,0,0,0,0,0,0,15,15,0,0,30,0,0,0,0,0,0,0,0,0,0,0,15,0,0,0,0,240,0,0,0,0,0,0,0,0,0,0,0,0,0,0,240,0,0,0,0,0,120,0,0,120,285,0,0,0,0,645,0,0,0,0,0,0,0,0,60,975,105,0,0,0,345,0,15,0,0,0,0,0,0,0,0,0,0,0,0,0,0,0,0,0,0,0,30,31,0,0,0,0,0,0,0,0,0,0,0,0,0,0,0,0,0,0,75,1620,0,45,0,0,30,0,45,0,15,15,0,0,0,0,0,0,0
F17_BFP1,0,0,1700,0,0,0,0,0,20,0,0,0,0,0,0,0,0,0,0,0,0,0,0,0,0,0,0,0,0,0,10,0,260,0,10,0,0,0,0,0,0,0,0,0,0,0,0,0,0,0,0,0,0,10,0,0,20,0,110,0,0,0,170,0,0,0,0,0,0,0,0,0,0,110,0,0,0,20,0,100,0,2,0,340,0,0,0,0,0,0,0,0,0,0,0,0,30,0,0,0,0,0,10,0,0,0,0,0,0,0,0,0,0,0,0,0,0,0,0,0,0,0,0,0,0,0,0,0,0,0,10,0,0,0,0,0,0,0
F17_BFP3,0,0,95,0,0,0,0,0,10,0,0,0,0,0,0,0,0,0,0,0,0,0,0,0,0,0,0,0,0,0,0,0,305,15,0,0,0,0,5,0,0,0,0,0,0,0,0,10,0,0,0,0,0,10,0,5,125,0,15,5,0,30,260,0,0,0,0,0,0,0,0,0,0,135,0,0,0,130,0,10,0,0,0,200,15,0,0,0,0,0,0,0,0,0,0,0,5,0,0,0,0,0,0,0,0,0,0,0,0,0,0,0,0,0,0,0,0,0,0,0,0,0,0,0,0,0,0,0,0,0,0,0,0,0,0,0,0,0
F17_BFP4,0,0,0,0,0,0,0,0,20,0,0,0,0,0,0,0,0,0,0,0,0,0,0,0,0,0,0,0,0,0,5,0,635,25,0,0,0,0,0,0,0,0,0,0,0,0,0,0,0,0,0,0,0,0,0,0,20,0,0,0,0,0,55,0,0,0,0,0,0,0,0,0,90,350,0,0,0,0,0,0,0,0,0,0,0,0,0,0,80,0,0,0,0,0,0,0,0,0,0,0,0,0,5,30,0,0,0,0,0,0,0,0,0,0,0,0,0,0,0,0,0,0,0,0,0,0,0,0,0,0,10,0,0,0,0,0,0,0
F17_BFN1,0,0,17.2,0,0,0,0,0,0,0,0,0,0,0,0,0,0,0,0,0,0,0,0,0,0,0,0,12.9,0,0,0,0,8.6,0,0,0,0,0,0,0,0,0,0,0,0,0,0,8.6,0,0,0,0,0,0,0,0,0,0,0,0,0,0,614.9,0,0,0,0,0,0,0,0,0,25.8,571.9,0,0,0,47.3,0,0,0,0,0,0,0,0,0,0,0,0,0,0,0,0,0,0,0,0,0,0,0,0,4.3,4.3,0,0,0,0,0,0,0,0,0,0,0,0,0,0,0,12.9,12.9,0,21.5,0,0,0,0,0,0,4.3,12.9,0,0,0,0,0,0,0
F17_BFN2,6,0,18,0,0,0,0,0,0,0,0,0,0,0,0,0,0,0,0,0,0,0,0,0,0,0,0,6,0,0,0,0,12,0,0,0,0,0,0,0,0,0,0,0,0,0,0,12,0,0,0,0,0,150,0,0,216,0,0,6,0,0,798,0,0,0,0,0,0,0,0,60,396,570,0,0,0,54,0,0,6,0,0,0,0,0,0,0,0,0,0,0,6,0,0,0,0,0,0,6,1,0,1,12,0,0,0,0,0,0,0,0,0,0,0,0,0,0,0,1,30,0,0,0,0,0,0,0,0,0,6,0,0,0,0,0,0,0
F17_BFN5,0,0,6,0,0,0,0,0,0,1,0,0,1,18,0,0,0,0,0,0,0,0,0,0,0,0,0,1,0,0,0,0,29,5,0,0,0,0,0,0,0,0,0,0,0,0,0,36,0,0,0,0,0,52,0,0,78,0,0,12,0,0,289,0,0,0,0,0,0,0,0,53,332,54,0,0,0,15,0,0,0,0,0,0,0,0,0,0,0,0,0,0,2,0,0,0,0,0,0,6,2,0,1,9,0,0,0,0,0,18,0,0,0,0,0,1,0,0,1,14,72,0,40,0,0,1,0,6,0,3,1,1,0,0,0,0,0,0
F17_CHR1,0,0,0,0,0,0,0,0,0,0,0,0,22.5,45,0,0,0,0,0,0,0,0,0,0,0,0,0,0,0,0,0,0,45,0,0,0,0,0,0,0,0,0,0,0,0,0,0,60,0,0,0,0,0,127.5,0,0,322.5,742.5,0,22.5,0,0,435,0,0,0,0,0,0,0,0,60,585,67.5,0,0,7.5,37.5,0,0,0,0,0,0,0,0,0,0,0,0,0,0,0,0,0,0,0,0,0,15,1,0,15,0,0,0,0,0,0,0,0,22.5,0,0,0,0,0,0,0,30,75,0,75,0,0,7.5,0,0,0,22.5,0,0,0,0,0,0,0,0
F17_CHR2,0,0,0,0,0,0,0,0,0,0,0,0,40,90,0,0,0,0,0,0,0,0,0,0,0,0,10,10,0,0,0,0,160,0,0,0,0,0,0,0,0,0,0,0,0,0,0,80,0,0,0,0,0,260,0,0,370,630,0,0,0,10,540,0,0,0,0,0,0,0,0,60,830,0,0,0,20,20,0,0,0,0,0,0,0,0,0,0,0,0,0,0,10,0,0,0,0,0,0,10,3,0,10,20,0,0,0,0,0,0,0,0,0,0,0,0,0,0,0,0,140,0,60,0,0,40,0,0,0,0,0,20,0,0,0,0,0,0
F17_CHR5,0,0,0,0,0,0,0,0,0,0,0,0,7.5,90,0,0,0,0,0,0,0,0,0,0,0,0,0,0,0,0,0,0,60,7.5,0,0,0,0,0,0,0,0,0,0,0,0,0,45,0,0,0,0,0,97.5,0,0,67.5,262.5,0,0,0,0,195,0,0,0,0,0,0,0,0,15,802.5,0,0,0,15,7.5,0,0,0,0,0,0,0,0,0,0,0,0,0,0,0,0,0,0,0,0,0,0,8.5,0,0,0,0,0,0,0,0,0,0,0,37.5,0,0,0,0,0,0,22.5,180,0,22.5,0,0,15,0,0,0,0,0,0,0,0,0,0,0,0
F17_CHP2,0,0,129,0,0,0,0,0,0,0,0,0,0,4.3,0,0,0,0,0,0,0,0,0,0,0,0,0,0,0,0,4.3,0,301,4.3,0,0,0,0,0,0,0,0,0,0,0,0,0,0,0,0,0,0,0,0,0,0,0,0,0,0,0,0,47.3,0,38.7,0,0,0,0,0,0,0,0,0,0,0,0,8.6,0,86,0,0,0,47.3,0,0,0,0,0,0,0,0,0,0,0,0,0,0,0,0,1,0,0,4.3,124.7,0,0,0,0,0,0,0,0,0,0,0,0,0,0,0,0,0,0,0,0,0,0,0,0,0,12.9,0,0,60.2,0,0,8.6,0
F17_CHP3,0,4.5,10.5,0,0,0,0,0,1.5,0,0,0,0,0,0,0,0,0,0,0,0,0,0,0,0,0,0,0,0,0,61.5,0,61.5,9,0,0,0,0,0,0,0,0,0,0,0,0,0,1.5,0,0,0,0,0,0,0,6,0,0,10.5,0,0,0,3,0,30,0,0,0,0,0,0,0,0,0,0,0,0,6,18,9,0,0,0,63,9,0,0,0,0,0,0,0,0,0,0,0,0,0,0,0,0,1.5,0,0,9,0,0,0,0,0,0,0,0,0,0,0,0,0,0,0,0,0,1.5,0,0,0,0,0,1.5,0,1.5,0,0,0,0,0,0,0
F17_CHP5,0,0,0,0,0,0,0,0,0,0,0,0,0,1,0,0,0,0,0,0,0,0,0,0,0,0,0,0,0,0,1,0,127,10,0,0,0,0,0,2,0,0,0,0,0,0,0,2,0,0,0,0,0,0,0,7,9,0,0,1,0,2,148,0,3,0,0,0,0,0,0,0,24,4,0,0,0,0,0,0,0,0,0,0,0,0,0,0,0,0,0,0,0,0,0,0,0,0,0,0,0,0,2,35,1,0,0,0,0,0,0,3,0,0,0,0,0,0,0,0,0,0,0,0,0,0,0,0,0,0,5,0,0,0,0,0,0,0
F17_CHN1,0,0,0,1,0,0,0,0,0,0,0,0,5,9,0,3,3,0,0,0,0,0,0,0,0,0,0,0,0,0,1,0,11,0,0,0,0,0,0,0,0,0,0,0,0,0,0,114,1,0,0,0,0,103,0,0,52,124,0,0,0,4,124,0,0,0,0,0,0,0,0,22,896,3,0,0,122,31,0,0,0,0,0,0,0,0,0,0,0,0,0,0,2,0,0,0,0,0,0,1,5,0,1,9,0,0,0,0,0,0,0,0,0,0,0,46,0,0,0,5,16,0,13,16,0,1,7,0,0,0,1,0,0,0,0,0,0,0
F17_CHN2,0,0,2,0,0,0,0,0,0,0,0,0,0,4,0,0,5,0,0,0,0,0,0,0,0,0,0,1,0,0,0,0,6,1,0,0,0,0,0,0,0,1,0,0,0,0,0,122,0,0,0,0,0,133,0,0,196,224,0,0,0,37,247,0,0,0,0,0,0,0,0,23,912,3,0,0,29,208,0,0,3,0,0,0,0,0,0,0,0,0,0,0,0,0,0,0,0,0,0,0,3,0,0,14,0,0,0,0,0,9,0,0,0,0,0,121,0,0,0,4,38,0,7,0,0,7,2,0,0,0,0,4,0,0,0,0,0,0
F17_CHN3,0,0,1,0,0,0,0,0,0,0,0,0,0,5,0,0,0,0,0,0,0,0,0,0,0,0,0,3,0,0,1,0,30,1,0,0,0,0,0,0,0,0,0,0,0,0,0,36,0,0,0,0,0,153,0,1,109,13,0,174,0,1,110,0,0,0,0,0,0,0,0,36,509,15,0,0,3,0,0,0,0,0,0,0,0,0,0,0,0,0,0,0,1,0,0,0,0,0,0,0,1,0,1,16,0,0,0,0,0,6,0,0,0,0,0,2,0,0,0,0,58,0,7,0,0,7,0,0,0,0,6,12,0,0,0,0,0,0
F17_SBR1,0,0,1,0,0,0,0,0,0,0,0,0,1,14,0,0,0,0,0,0,0,0,0,0,0,0,1,1,0,0,0,0,59,2,0,0,0,0,0,0,0,0,0,0,0,0,0,51,0,0,0,0,0,43,0,0,283,580,0,19,0,27,56,0,0,0,0,0,0,0,0,0,120,0,0,0,3,8,0,0,1,0,0,0,0,0,0,0,0,0,0,0,2,0,0,0,0,0,0,24,0,0,0,2,0,0,0,0,0,6,0,0,0,0,0,2,0,0,0,13,34,0,8,14,0,0,17,0,0,0,0,0,0,0,0,0,0,0
F17_SBR2,0,0,0,0,0,0,0,0,0,0,0,0,42,54,0,0,3,0,0,0,0,0,0,0,0,0,3,0,1,0,0,0,96,15,0,0,0,0,0,0,0,0,0,0,0,3,0,99,0,0,0,0,0,12,0,0,90,531,0,3,0,3,18,0,0,0,0,0,0,0,0,0,438,0,0,0,33,40,0,0,0,0,0,0,0,0,0,0,0,0,0,0,0,0,0,0,0,0,0,30,1,0,0,6,0,0,0,0,0,0,0,6,0,0,0,0,0,0,0,6,174,0,12,0,0,12,0,9,0,0,0,0,0,0,0,0,0,0
F17_SBR5,0,0,0,0,0,0,0,0,0,0,0,0,10,60,0,0,0,0,0,0,0,0,0,0,0,0,10,0,0,0,0,0,70,10,0,0,0,0,0,0,0,0,0,0,0,0,0,150,0,0,0,0,0,0,0,0,530,650,0,10,0,0,170,0,0,0,0,0,0,0,0,0,850,0,0,0,0,62,0,0,0,0,0,0,0,0,0,0,0,0,0,0,23,0,0,0,0,0,0,30,0,0,0,0,0,0,0,0,0,0,0,0,0,0,0,0,0,0,0,10,100,0,80,0,0,0,60,0,0,10,0,10,0,0,0,0,0,0
F17_SBP1,0,0,93,0,0,0,0,0,0,0,0,0,0,1,0,0,0,0,0,0,0,0,0,0,0,0,0,0,0,0,2,2,252,20,0,0,0,0,0,1,0,0,0,0,0,1,0,1,0,0,0,0,0,0,0,9,1,0,66,0,0,1,29,0,6,0,0,0,0,0,0,1,3,0,0,0,0,14,0,1,33,0,0,0,3,0,0,0,0,0,0,1,0,0,0,0,0,0,0,0,0,0,1,8,16,0,0,0,0,0,0,17,0,0,0,0,0,0,0,0,0,0,3,0,0,0,0,0,30,0,3,0,0,0,0,0,0,0
F17_SBP3,0,0,37,0,0,0,0,0,0,0,0,0,0,0,0,0,0,0,0,0,0,0,0,0,0,0,1,0,0,0,0,0,116,14,0,0,0,0,0,0,0,0,0,0,0,0,0,0,0,1,0,0,0,0,0,0,1,0,37,0,0,0,32,0,10,0,0,0,0,0,0,0,1,0,0,0,0,0,0,2,4,0,0,0,0,0,0,0,0,0,0,0,0,0,0,0,0,0,0,0,0,0,0,13,13,0,0,0,0,0,0,12,0,0,0,0,0,0,0,0,0,0,6,0,0,0,0,0,22,1,4,0,0,0,0,0,0,0
F17_SBP4,0,0,314,0,0,0,0,0,0,0,0,0,0,2,0,0,0,0,0,0,0,0,0,0,0,0,0,0,0,0,1,0,518,41,0,0,0,0,0,0,0,0,0,0,0,0,0,0,0,0,0,0,0,1,0,0,3,0,114,0,25,1,48,0,21,0,0,0,0,0,0,0,1,0,0,0,0,4,1,4,24,0,0,0,1,0,0,1,0,0,0,0,0,0,0,0,0,0,0,0,1,0,0,8,69,0,0,0,0,0,0,14,0,0,0,0,0,0,0,0,0,0,5,0,0,0,0,0,0,0,27,0,29,0,0,0,4,0
F17_SBN1,0,0,0,0,0,0,0,0,0,0,0,0,0,6,0,0,0,0,0,0,0,0,0,0,0,0,0,0,0,0,0,0,11,5,0,0,0,0,0,0,0,0,0,0,0,0,0,0,0,0,0,0,0,1,0,0,108,2,0,82,0,7,83,0,1,0,0,0,0,0,0,32,54,4,0,0,0,30,0,0,2,0,0,0,0,0,0,0,0,0,0,0,1,0,0,0,0,0,0,1,0,0,0,8,0,0,0,0,0,0,0,0,0,0,0,0,0,0,0,0,0,0,6,0,0,0,0,0,0,2,1,2,0,0,0,0,1,0
F17_SBN3,0,0,0,0,0,0,0,0,0,0,0,0,0,13,0,0,0,0,0,0,0,0,0,0,0,0,0,0,0,0,0,0,21,3,0,0,0,0,0,0,0,0,0,0,0,0,0,3,0,0,0,0,0,7,0,0,159,9,0,70,1,5,111,0,0,0,0,0,0,0,0,17,47,3,0,0,0,38,0,0,2,0,0,0,0,0,0,0,0,0,0,0,0,0,0,0,0,0,0,0,0,0,0,18,0,0,0,0,0,0,0,0,0,0,0,0,0,0,0,0,1,0,5,0,0,0,0,2,0,1,4,6,0,0,0,0,0,0
F17_SBN5,0,0,0,0,0,0,0,0,0,0,0,0,0,7,0,0,0,0,0,0,0,0,0,0,0,0,1,0,0,0,0,0,7,3,0,0,0,0,0,0,0,1,0,0,0,0,0,3,0,0,0,0,0,23,0,0,183,4,0,89,0,10,231,0,0,0,0,0,0,0,0,5,112,9,0,0,0,95,0,0,0,0,0,0,0,0,0,0,0,0,0,0,2,0,0,0,0,0,0,0,0,0,0,4,0,0,0,0,0,8,0,7,0,0,0,0,0,0,0,0,16,0,4,0,0,0,0,1,0,1,1,4,0,0,0,0,0,0
S18_BFR1,0,0,320,0,0,0,0,0,0,20,0,0,50,120,0,20,30,0,0,0,0,0,0,0,0,0,0,2,0,0,0,0,140,10,0,0,0,0,0,0,0,0,0,0,0,10,0,0,0,0,0,0,0,0,0,0,0,0,0,0,0,0,50,0,0,110,0,0,0,0,0,50,1000,1680,0,0,0,0,0,0,0,0,0,0,0,0,0,0,0,0,0,0,12,0,0,0,0,0,0,0,12,0,1,10,0,0,0,0,0,0,0,0,70,0,0,0,0,0,1,30,290,0,20,0,0,0,0,10,0,0,0,0,0,0,0,0,0,0
S18_BFR2,0,132,0,0,0,0,0,0,0,0,6,12,60,78,0,12,30,0,0,0,0,0,0,0,0,0,0,6,0,0,0,0,318,0,0,0,0,0,0,0,0,6,0,0,0,0,0,18,0,0,0,0,0,0,0,0,0,0,0,0,0,0,30,0,0,54,90,0,18,0,12,54,600,702,0,0,0,374,0,6,0,0,0,0,0,0,0,0,0,0,0,0,6,0,0,0,0,0,0,12,3,0,0,0,0,0,0,0,0,12,0,0,6,0,0,6,0,6,6,30,270,0,12,0,0,0,0,0,0,12,0,6,0,0,0,0,0,0
S18_BFR3,0,0,240,0,0,0,0,0,0,0,0,0,45,120,0,15,75,0,0,0,0,0,0,0,0,0,0,0,15,0,30,0,375,15,0,0,0,0,0,0,0,0,0,15,0,0,0,15,0,0,0,0,0,0,0,0,0,0,0,0,0,0,75,0,15,61,0,0,0,0,33,150,915,2490,0,0,0,510,0,0,0,0,0,0,0,0,0,0,0,0,0,0,0,0,0,0,0,0,0,15,3,0,0,15,0,0,0,0,0,22,0,0,0,0,0,0,0,30,0,15,240,0,75,0,0,75,0,30,0,0,15,15,0,0,0,0,0,0
S18_BFP1,0,0,1650,0,0,0,0,0,0,0,0,0,0,30,0,0,0,0,0,0,0,0,1,0,0,0,0,0,30,0,30,0,480,0,0,0,0,0,0,0,0,0,0,0,0,0,0,0,0,0,0,0,0,0,0,0,0,0,0,0,0,0,0,0,30,0,0,0,0,0,0,0,90,570,0,0,0,0,0,1380,1,0,30,0,120,0,0,0,0,0,0,0,0,0,0,0,0,0,0,0,0,0,0,0,2,0,0,0,0,0,0,0,0,0,0,0,0,0,0,0,0,0,0,0,0,0,0,0,0,0,0,0,0,0,0,0,0,0
S18_BFP2,0,55,680,0,0,0,0,0,0,5,0,0,0,5,0,0,0,0,0,0,0,0,3,0,0,0,0,0,0,0,15,0,535,5,0,0,0,0,0,0,0,0,0,0,0,0,0,0,0,0,0,0,0,0,0,0,0,0,0,0,0,0,20,0,0,0,0,0,0,0,0,0,10,775,0,0,0,5,0,265,0,5,0,55,55,0,0,0,0,0,0,0,0,0,0,0,0,0,0,0,0,0,4,5,16,0,0,0,0,0,0,0,0,0,0,0,0,0,0,0,0,0,0,0,0,0,0,0,0,0,10,0,0,0,0,0,0,0
S18_BFP4,0,370,590,0,0,0,0,0,20,20,0,0,0,50,0,0,0,0,0,0,0,0,0,0,0,0,10,0,20,0,20,0,220,10,0,0,0,0,0,0,0,0,0,10,0,0,0,0,0,0,0,0,0,0,0,0,0,0,0,0,0,0,0,0,0,0,0,0,0,0,0,0,60,1860,0,0,0,0,0,422,0,0,0,0,0,0,0,0,0,0,50,0,0,0,0,0,0,0,0,10,0,0,4,0,10,0,0,0,0,0,0,0,0,0,0,0,0,0,0,0,0,0,0,0,0,0,0,0,0,10,0,0,0,0,0,0,0,0
S18_BFN1,0,300,0,0,0,0,0,0,0,22.5,0,0,30,105,0,0,0,0,0,0,0,0,0,0,0,0,0,0,0,0,0,0,22.5,7.5,0,0,0,0,0,0,0,0,0,0,0,0,0,7.5,0,0,0,1,0,0,0,0,0,0,0,0,0,0,46,0,0,0,0,0,0,0,0,52.5,645,766,0,0,0,232.5,0,0,0,0,0,0,0,0,0,0,0,0,0,0,0,0,0,0,0,0,0,0,1,0,30,16,0,0,0,0,0,3,0,0,30,0,0,0,0,0,0,22.5,22.5,0,0,0,0,0,15,0,0,7.5,37.5,15,0,0,0,0,0,0
S18_BFN4,0,221,1,0,0,0,0,0,1,2,1,2,38,71,1,20,8,0,0,0,0,0,0,0,0,0,0,6,2,0,4,0,109,6,0,0,0,0,0,0,0,8,0,1,0,0,0,33,0,0,0,6,0,0,0,0,0,0,0,0,0,0,17,0,0,29,15,0,12,0,2,120,650,340,0,0,0,134,0,0,1,0,0,0,0,0,0,0,0,0,0,0,4,0,0,0,0,0,0,20,2,0,1,8,0,0,8,0,0,11,0,0,11,0,0,3,0,4,1,6,86,0,6,1,0,0,2,0,0,0,4,9,0,0,0,0,0,1
S18_BFN5,0,153,0,0,0,0,0,0,0,3,0,3,42,72,0,12,9,0,0,0,0,0,0,0,0,0,0,0,0,0,6,0,156,3,0,0,0,0,0,0,0,0,0,0,0,0,0,12,3,0,0,0,0,0,0,0,0,0,0,3,0,0,9,0,0,24,21,0,3,0,9,96,339,213,0,0,0,77,0,0,0,0,0,0,0,0,0,0,0,0,0,0,0,0,0,0,0,0,0,27,1,0,0,6,0,0,0,0,0,13,0,0,6,0,0,6,0,3,0,0,30,0,0,0,0,0,3,0,0,0,0,18,3,0,0,0,0,0
S18_CHR1,0,0,0,0,0,0,0,0,0,0,0,0,7.5,45,0,0,0,0,0,0,0,0,0,0,0,0,0,0,0,0,22.5,0,442.5,7.5,0,0,0,0,0,0,0,0,0,0,0,0,0,135,0,0,0,0,0,1020,0,0,75,0,0,0,0,7.5,727.5,0,0,30,0,0,0,0,0,22.5,405,22.5,0,0,0,67.5,0,7.5,0,0,0,0,0,0,0,0,0,0,0,0,0,0,0,0,0,0,0,0,2,0,0,0,0,0,0,0,0,0,0,0,15,0,0,0,0,0,0,30,45,0,165,0,0,0,52.5,0,0,0,0,0,0,0,0,0,0,0
S18_CHR2,0,0,0,0,0,0,0,0,0,0,0,0,10,70,0,0,0,0,0,0,0,0,0,0,0,0,0,10,0,0,10,0,640,0,0,0,0,0,0,0,0,0,0,0,0,0,0,10,0,0,0,0,0,720,0,0,70,10,0,0,0,50,600,0,0,40,0,0,0,0,0,20,360,0,0,0,0,93,0,0,0,0,0,0,0,0,0,0,0,0,0,0,0,0,0,0,0,0,0,10,0,0,0,0,0,0,0,0,0,0,0,0,22,0,0,0,0,0,0,10,20,0,130,0,0,0,70,0,0,50,0,0,0,0,0,0,0,0
S18_CHR5,0,0,0,0,0,0,0,0,0,0,0,0,6,42,0,0,3,0,0,0,0,0,0,0,0,0,0,0,0,0,0,0,84,6,0,0,0,0,0,0,0,0,0,0,0,0,0,42,0,0,0,0,0,168,0,0,57,0,0,3,0,15,492,0,0,13,9,0,0,0,1,21,249,48,0,0,0,54,0,0,0,0,0,0,0,0,0,0,0,0,0,0,3,0,0,0,0,0,0,0,0,0,8,6,0,0,0,0,0,0,0,0,13,0,0,0,0,0,0,1,9,0,45,0,0,0,18,0,0,12,0,0,0,0,0,0,0,0
S18_CHP2,0,70,15,0,0,0,0,0,0,0,0,0,0,15,0,0,0,0,0,0,0,5,0,0,0,0,0,0,0,0,95,5,140,0,0,0,0,0,0,0,0,0,0,0,0,0,0,0,0,0,0,0,0,0,0,0,0,0,0,0,0,0,15,0,55,0,0,0,0,0,0,0,0,0,0,0,0,0,5,555,0,0,0,40,10,0,0,0,0,5,0,0,0,5,0,0,0,0,0,0,0,0,0,5,85,0,0,0,0,0,0,0,0,0,0,5,0,0,0,0,0,0,0,0,0,0,0,0,0,0,0,0,0,0,0,0,0,0
S18_CHP3,0,27.3,14.7,0,0,0,0,0,0,0,0,0,2.1,0,0,0,0,0,0,0,0,0,0,0,0,0,0,0,0,0,178.5,46.2,56.7,2.1,0,0,0,0,0,0,0,0,0,0,0,0,0,0,0,0,0,0,0,0,0,0,0,0,0,0,0,0,0,0,29.4,0,0,0,0,0,0,0,0,0,0,0,0,0,157.5,178.5,2.1,0,0,14.7,4.2,0,0,0,0,0,14.7,0,0,0,0,1,0,0,0,0,0,0,0,0,0,0,0,0,0,0,0,0,2.1,0,0,0,0,0,0,0,0,0,0,0,0,0,0,0,0,0,0,0,0,0,0,0,0,0
S18_CHP5,0,168,84,0,0,0,0,0,0,0,0,0,0,3,0,0,0,0,0,0,0,0,0,3,0,0,0,0,0,0,129,135,36,0,0,0,0,0,0,0,0,0,0,0,0,0,0,0,0,0,0,0,0,0,0,0,0,0,3,0,0,0,0,0,3,0,0,0,0,0,0,0,0,0,0,0,0,0,30,252,3,0,0,0,9,0,0,0,0,9,57,0,0,0,0,0,0,0,0,0,0,0,0,0,30,0,0,0,0,0,0,0,0,0,0,0,0,0,0,0,0,0,0,0,0,0,0,0,0,0,3,0,0,0,0,0,0,0
S18_CHN1,0,27,0,0,0,0,0,0,0,0,0,0,21,45,0,9,0,0,0,0,0,0,0,0,0,0,0,0,0,0,6,0,84,3,0,0,0,0,0,0,0,0,0,0,0,0,0,99,0,0,0,0,0,291,0,0,90,9,0,0,0,36,333,0,0,93,33,0,0,0,0,12,387,0,0,0,3,178,0,3,0,0,0,0,0,0,0,0,0,0,0,0,9,0,0,0,0,0,0,0,7,0,0,0,0,0,0,0,0,0,0,0,75,0,0,108,0,0,0,15,42,0,63,0,0,0,15,0,0,3,0,0,0,0,0,0,0,0
S18_CHN2,0,34,1,0,0,0,0,0,0,0,0,0,2,16,0,0,0,0,0,0,0,0,0,0,0,0,0,0,0,0,5,0,64,2,0,0,0,0,0,0,0,2,0,0,0,0,0,17,0,0,0,1,0,161,0,0,96,0,0,2,0,8,564,0,1,71,14,0,0,0,1,9,229,13,0,0,0,155,1,2,5,0,0,0,0,0,0,0,0,0,0,0,0,0,0,0,0,0,0,3,3,0,0,5,0,0,0,0,0,1,0,0,22,0,0,119,0,0,0,3,18,0,68,0,0,0,16,0,0,2,0,1,0,0,0,0,0,0
S18_CHN3,0,25,0,0,0,0,0,0,0,0,0,0,15,20,0,0,0,0,0,0,0,0,0,0,0,0,0,0,0,0,0,0,75,0,0,0,0,0,0,0,0,0,0,5,0,0,0,0,0,0,0,0,0,215,0,0,100,0,0,0,0,5,280,0,0,115,40,0,5,0,0,40,330,10,0,0,0,100,0,5,20,0,0,0,0,0,0,0,0,0,0,0,5,0,0,0,0,0,0,0,1,0,0,5,0,0,0,0,0,0,0,0,25,0,0,55,0,0,0,10,95,0,30,0,0,0,35,0,0,5,0,0,0,0,0,0,0,0
S18_SBR1,0,0,0,0,0,0,0,0,0,0,0,0,0,9,0,0,3,0,0,0,0,0,0,0,0,0,0,0,0,0,0,0,144,9,0,0,0,0,0,0,0,3,0,3,3,0,0,42,0,0,0,0,0,375,6,0,207,165,12,15,0,6,111,0,0,9,0,0,0,0,0,0,261,0,0,0,3,6,0,0,0,0,0,0,0,0,0,0,0,0,0,0,6,0,0,0,0,0,0,9,0,0,0,0,0,0,0,0,0,0,0,0,12,0,0,0,0,0,0,0,63,0,45,0,0,12,21,6,0,6,0,0,0,0,0,0,0,0
S18_SBR2,0,0,0,0,0,0,0,0,0,0,0,0,50,50,0,0,0,0,0,0,0,0,0,0,0,0,0,0,0,0,0,0,850,40,0,0,0,0,0,0,0,20,0,10,0,0,0,280,0,0,0,1,0,130,0,0,130,560,0,10,0,110,30,0,0,20,0,0,0,0,0,0,310,0,0,0,0,0,0,0,0,0,0,0,0,0,0,0,0,0,0,0,2,0,0,0,0,0,0,11,0,0,0,10,0,0,0,0,0,10,0,0,33,0,0,10,0,0,0,52,221,0,10,0,0,0,70,0,0,10,0,0,0,0,0,0,0,0
S18_SBR5,0,0,0,0,0,0,0,0,0,0,0,0,42,66,0,0,0,0,0,0,0,0,0,0,0,0,0,0,0,0,0,0,330,12,0,0,0,0,0,0,0,6,0,0,0,0,0,48,0,0,0,0,0,192,0,0,150,468,0,6,0,48,54,0,0,6,0,0,0,0,0,12,276,0,0,0,0,12,0,0,0,0,0,0,0,0,0,0,0,0,0,0,0,0,0,0,0,0,0,12,2,0,0,0,0,0,0,0,0,1,0,0,18,0,0,18,0,0,0,30,150,0,18,0,0,0,24,0,0,18,0,0,0,0,0,0,0,0
S18_SBP1,0,16.2,313.2,0,0,0,0,0,0,0,0,0,0,8.1,0,0,0,0,0,0,0,0,0,2.7,0,0,2.7,0,0,0,16.2,0,413.1,48.6,0,0,0,0,0,5.4,0,0,0,0,0,0,0,0,0,0,0,0,0,0,0,0,0,0,5.4,0,0,0,10.8,0,13.5,2.7,0,0,0,0,0,0,5.4,0,0,0,0,0,0,13.5,0,0,0,0,0,0,0,0,0,0,0,0,0,0,0,0,0,0,0,0,0,0,0,0,21.6,0,0,0,0,0,0,0,0,0,0,0,0,0,0,0,0,0,0,0,0,0,0,0,0,0,0,0,0,0,0,0,0,0
S18_SBP3,0,14,29,0,0,0,0,0,0,0,0,0,0,5,0,0,0,0,0,0,0,0,0,0,0,0,2,0,0,0,14,5,95,22,0,0,0,0,0,7,0,0,0,0,0,0,0,0,0,0,0,0,0,2,0,0,1,0,4,0,0,1,27,0,3,3,0,0,0,0,0,0,1,1,0,0,0,1,0,28,2,0,0,0,0,0,0,0,0,0,1,0,0,0,0,0,0,0,0,0,0,0,3,1,5,7,0,0,0,0,0,0,0,0,0,0,0,0,0,0,0,0,0,0,0,0,0,0,0,0,1,0,0,0,0,0,0,0
S18_SBP4,0,2,6,0,0,0,0,0,0,0,0,0,0,4,0,0,0,0,0,0,0,0,0,0,0,0,2,0,1,0,16,6,105,18,0,0,0,0,0,6,0,0,0,0,0,0,0,0,0,0,0,0,0,1,0,0,15,1,0,2,2,0,93,0,2,3,0,0,1,0,0,0,13,7,0,0,0,0,0,7,11,0,0,0,0,0,0,0,0,0,0,0,0,0,0,0,0,0,0,0,0,0,5,3,1,0,0,0,0,0,0,0,3,0,0,0,0,0,0,0,0,0,3,0,0,0,0,0,0,0,6,0,1,0,0,0,0,0
S18_SBN1,0,0,2,0,0,0,0,0,0,0,0,0,0,13,0,0,0,0,0,0,0,0,0,0,0,0,0,1,0,0,8,2,58,1,0,0,0,0,0,0,0,1,0,1,0,0,0,1,0,0,0,0,0,31,0,0,9,0,0,8,0,0,6,0,0,1,0,0,0,0,0,12,106,0,0,0,0,66,0,0,0,0,0,0,0,0,0,0,0,0,0,0,0,0,0,0,0,0,0,0,0,0,0,8,0,0,0,0,0,2,0,0,0,0,0,1,0,0,0,0,11,0,12,0,0,0,2,0,0,3,3,1,0,0,0,0,0,0
S18_SBN3,0,1,0,0,0,0,0,0,0,0,0,0,0,19,0,2,0,0,0,0,0,0,0,0,0,0,0,0,0,0,7,0,46,5,0,0,0,0,0,0,0,2,1,1,0,0,0,0,0,0,0,0,0,13,0,0,4,0,0,3,0,0,5,0,0,0,0,0,1,0,0,8,120,2,0,0,0,84,0,0,1,0,0,0,0,0,0,0,0,0,0,0,1,0,0,0,0,0,0,2,0,0,0,8,0,0,0,0,0,0,0,0,0,0,0,1,0,0,0,0,7,0,8,0,0,0,1,0,0,1,1,0,0,0,0,0,0,0
S18_SBN5,0,0,0,0,0,0,0,0,0,0,0,0,1,24,0,0,0,0,0,0,0,0,0,0,0,0,0,0,0,0,4,1,96,10,0,0,0,0,0,0,0,7,0,5,0,0,0,1,0,0,0,0,0,84,0,0,15,0,0,9,0,0,23,0,0,0,0,0,0,0,0,13,49,1,0,0,0,49,0,0,0,0,0,0,0,0,0,0,0,0,0,0,0,0,0,0,0,0,0,4,0,0,0,9,0,0,0,0,0,0,0,0,0,0,0,1,0,0,0,0,15,0,15,0,0,0,5,1,0,2,1,0,0,0,0,0,0,0
F18_BFR2,0,0,0,0,0,0,0,0,0,0,0,0,12,84,0,24,12,0,0,0,0,0,0,0,0,0,0,0,0,0,0,0,192,0,0,0,0,0,0,0,0,0,0,0,0,0,0,60,0,0,0,1,0,114,0,0,330,90,0,0,0,0,48,0,0,0,0,0,0,0,0,12,402,12,0,0,0,168,0,0,0,0,0,0,0,0,0,0,0,0,0,0,6,0,0,0,0,0,0,12,6,0,0,0,0,0,0,0,0,0,0,0,0,0,0,0,0,0,0,18,78,0,24,0,6,0,6,0,0,0,0,12,0,0,0,0,0,0
F18_BFR3,0,0,0,0,0,0,0,0,0,0,0,0,30,90,0,10,10,0,0,0,0,0,0,0,0,0,0,30,0,0,0,0,290,20,0,0,0,0,0,0,0,0,0,0,0,0,0,150,10,0,0,0,0,190,0,0,900,100,0,10,0,0,200,0,0,0,0,0,0,0,0,30,510,80,0,0,0,41,0,0,0,0,0,0,0,0,0,0,0,0,0,0,0,0,0,0,0,0,0,30,1,0,0,0,0,0,0,0,0,0,0,0,0,0,0,0,0,0,0,20,140,0,10,0,0,10,0,0,0,10,0,0,0,0,0,0,0,0
F18_BFR5,0,0,0,0,0,0,0,0,0,0,0,0,120,120,0,0,22.5,0,0,0,0,0,0,0,0,0,0,0,0,0,0,22.5,247.5,0,0,0,0,0,0,0,0,7.5,0,0,0,0,0,210,0,0,0,0,0,202.5,0,0,405,142.5,0,15,0,0,67.5,0,0,0,0,0,7.5,0,0,30,607.5,15,0,0,0,29.5,0,0,0,0,0,0,0,0,0,0,0,0,0,0,45,0,0,0,0,0,0,45,0,0,0,0,0,0,0,0,0,0,0,0,0,0,0,0,0,0,0,31,360,0,15,0,0,0,0,0,0,7.5,0,0,0,0,0,0,0,0
F18_BFP2,0,2,378,0,0,0,0,0,0,1,0,0,0,0,0,0,0,0,0,0,0,0,0,0,0,0,0,0,0,0,0,0,33,8,0,0,0,0,0,0,0,0,0,0,0,0,0,0,0,0,0,0,0,0,0,0,4,0,2,0,0,0,16,0,0,0,0,0,0,0,0,0,16,153,0,0,0,0,0,1,0,0,0,8,0,0,0,0,0,0,0,1,0,0,0,0,3,0,23,0,0,0,4,0,2,0,0,0,0,0,0,1,0,0,0,0,0,0,0,0,0,0,0,0,0,0,0,0,0,0,2,0,0,0,0,0,0,0
F18_BFP3,0,1,15,0,0,0,0,0,10,0,0,0,0,0,0,0,0,0,0,0,0,0,0,0,0,0,0,0,0,0,0,0,54,11,0,0,0,0,0,0,0,0,0,0,0,0,0,1,0,0,0,0,0,0,0,0,14,0,1,0,0,1,13,0,0,0,0,0,0,0,0,0,3,37,0,0,0,7,0,4,0,0,0,62,0,0,0,0,0,0,0,0,0,0,0,0,0,0,4,0,0,0,0,0,7,0,0,0,0,0,0,8,0,0,0,0,0,0,0,0,1,0,0,0,0,0,0,0,0,0,8,0,0,0,0,0,0,0
F18_BFP4,0,1,39,0,0,0,0,0,3,0,0,0,0,2,0,0,0,0,0,0,0,0,0,0,0,0,0,0,0,0,0,0,35,12,0,0,0,0,0,0,0,0,0,0,0,0,0,0,0,0,0,0,0,0,0,0,21,0,2,0,0,1,23,0,0,0,0,0,0,0,0,0,3,49,0,0,0,2,0,0,0,0,0,15,0,0,0,0,0,0,0,0,0,0,0,0,0,0,0,0,0,0,0,0,3,0,0,0,0,0,0,2,0,0,0,0,0,0,0,0,0,0,0,0,0,0,0,0,0,0,3,0,0,0,0,0,0,0
F18_BFN3,0,1.5,0,0,0,0,0,0,0,0,0,0,1.5,25.5,0,0,0,0,0,0,0,0,0,0,0,0,0,3.5,0,0,0,0,78,4.5,0,0,0,0,0,0,0,3,0,0,0,0,0,0,0,0,0,0,0,3,0,0,81,1.5,0,4.5,0,0,0,0,0,0,0,0,0,0,0,9,162,13.5,0,0,0,54,0,0,0,0,0,0,0,0,0,0,0,0,0,0,1,0,0,0,0,0,0,1.5,0,0,0,4.5,0,0,0,0,0,0,0,0,0,0,0,3,1.5,1.5,0,0,36,0,4.5,0,0,1.5,0,0,0,6,0,1.5,0,0,0,0,0,0
F18_BFN4,0,0,0,0,0,0,0,0,0,0,2,0,0,34,0,2,4,0,0,0,0,0,0,0,0,0,0,2,0,0,0,0,106,2,0,0,0,0,0,0,0,0,0,0,0,0,0,2,0,0,0,0,0,44,0,0,244,0,0,18,0,0,8,0,0,0,0,0,0,0,0,10,166,8,0,0,0,40,0,0,0,0,0,0,0,0,0,0,0,0,0,0,4,0,0,0,0,0,0,4,2,0,0,2,0,0,0,0,0,0,0,0,0,0,0,4,0,0,0,0,42,0,8,2,0,4,4,0,0,0,0,0,0,0,0,0,0,0
F18_BFN5,0,10,0,0,0,0,0,0,0,0,0,0,20,70,0,20,6.666666667,0,0,0,0,0,0,0,0,0,0,10,0,0,0,0,93.33333333,13.33333333,0,0,0,0,0,0,0,6.666666667,0,0,0,0,0,3.333333333,0,0,0,0,0,83.33333333,0,0,256.6666667,20,0,3.333333333,0,0,3.333333333,0,0,0,0,0,0,0,0,16.66666667,166.6666667,0,0,0,3.333333333,66.66666667,0,0,0,0,0,0,0,0,0,0,0,0,0,0,0,0,0,0,0,0,0,13.33333333,4,0,0,0,0,0,0,0,0,0,0,0,0,0,0,6.666666667,0,0,0,3.333333333,113.3333333,0,16.66666667,0,0,0,0,0,0,0,0,3.333333333,0,0,0,0,0,0
F18_CHR1,0,0,0,0,0,0,0,0,0,0,0,0,0,71.25,0,0,3.75,0,0,0,0,0,0,0,0,0,0,11.25,0,0,0,0,161.25,15,0,0,0,0,0,0,0,0,0,0,0,0,0,26.25,0,0,0,0,0,90,0,0,97.5,356.25,0,11.25,0,0,30,0,0,0,0,0,0,0,0,11.25,187.5,0,0,0,3.75,18.75,0,0,0,0,0,0,0,0,0,0,0,0,0,0,3.75,0,0,0,0,0,0,7.5,3,0,0,0,0,0,0,0,0,0,0,0,0,0,0,0,0,0,0,3.75,26.25,0,3.75,0,0,0,0,0,0,7.5,0,0,0,0,0,0,0,0
F18_CHR4,0,0,0,0,0,0,0,0,0,0,0,0,90,80,0,20,0,0,0,0,0,0,0,0,0,0,0,0,1,0,0,0,200,10,0,0,0,0,0,0,0,10,0,0,0,0,0,130,0,0,0,0,0,100,0,0,320,540,0,0,0,0,280,0,0,0,0,0,0,0,0,10,940,10,0,0,10,12,0,0,0,0,0,0,0,0,0,0,0,0,0,0,10,0,0,0,0,0,0,0,1,0,10,0,0,0,0,0,0,0,0,0,0,0,0,10,0,0,0,40,110,0,0,0,0,10,50,0,0,10,0,0,0,0,0,0,0,0
F18_CHR5,0,0,0,0,0,0,0,0,0,0,0,0,30,210,0,0,0,0,0,0,0,0,0,0,0,0,0,0,1,0,0,0,490,30,0,0,0,0,0,0,0,20,0,0,0,0,0,110,10,0,0,0,0,70,0,0,70,220,0,20,0,0,410,0,0,0,0,0,0,0,0,20,1060,10,0,0,0,10,0,0,0,0,0,0,0,0,0,0,0,0,0,0,0,0,0,0,0,0,0,30,0,0,0,10,0,0,0,0,0,0,0,0,0,0,0,0,0,0,0,10,60,0,0,0,0,30,30,0,0,10,0,0,0,0,0,0,0,0
F18_CHP3,0,4,5,0,0,0,0,0,0,0,0,0,0,0,0,0,0,0,0,0,0,0,0,0,0,0,0,0,0,0,26,0,8,1,0,0,0,0,0,0,0,0,0,0,0,0,0,0,0,0,0,0,0,0,0,0,0,0,4,0,0,0,1,0,1,0,0,0,0,0,0,0,0,3,0,0,0,2,6,4,1,0,0,56,0,0,0,0,0,0,0,0,0,0,0,0,0,0,0,0,0,0,0,0,0,0,0,0,0,0,0,0,0,0,0,0,0,0,0,0,0,0,0,0,0,0,0,0,0,0,1,0,0,0,0,0,0,0
F18_CHP4,0,4,7,0,0,0,0,0,0,0,0,0,0,0,0,0,0,0,0,0,0,0,0,0,0,0,0,0,0,0,27,0,13,1,0,0,0,0,0,0,0,0,0,0,0,0,0,0,0,0,0,0,0,0,0,0,0,0,5,0,0,0,0,0,2,0,0,0,0,0,0,0,0,2,0,0,0,2,8,3,2,0,0,53,0,0,0,0,0,2,0,2,0,0,0,0,0,0,0,0,0,0,0,0,3,0,0,0,0,0,0,0,0,0,0,0,0,0,0,0,0,0,0,0,0,0,0,0,0,0,2,0,0,0,0,0,0,0
F18_CHP5,0,0,4,0,0,0,0,0,0,0,0,0,0,0,0,0,0,0,0,0,0,0,0,0,0,0,0,0,0,0,18,4,11,8,0,0,0,0,0,0,0,0,0,0,0,0,0,0,0,0,0,0,0,0,0,0,1,0,2,1,0,0,1,0,0,0,0,0,0,0,0,0,1,1,0,0,0,1,9,4,0,0,0,38,0,0,0,0,0,0,0,0,0,0,0,0,0,0,0,0,0,0,0,1,0,0,0,0,0,0,0,0,0,0,0,0,0,0,0,0,0,0,0,0,0,0,0,0,0,0,1,0,0,0,0,0,0,0
F18_CHN1,0,0,0,0,0,0,0,0,0,0,0,0,0,16,0,0,0,0,0,0,0,0,0,0,0,0,0,0,0,0,0,0,48,0,0,0,0,0,0,0,0,0,0,0,0,0,0,20,0,0,0,0,0,64,0,0,104,372,0,4,0,0,24,0,0,0,0,0,0,0,0,16,732,0,0,0,24,40,0,0,0,0,0,0,0,0,0,0,0,0,0,0,5,0,0,0,0,0,0,4,2,0,0,8,0,0,0,0,0,0,0,0,0,0,0,4,12,0,0,8,28,0,0,0,0,0,0,0,0,0,0,0,0,0,0,0,0,0
F18_CHN3,0,3.333333333,0,0,0,0,0,0,0,0,0,0,6.666666667,43.33333333,0,0,0,0,0,0,0,0,0,0,0,0,0,0,0,0,3.333333333,0,43.33333333,3.333333333,0,0,0,0,0,0,0,0,0,0,0,0,0,3.333333333,0,0,0,0,0,33.33333333,0,0,140,10,0,43.33333333,0,0,20,0,0,0,0,0,0,0,0,16.66666667,476.6666667,0,0,0,0,53.33333333,0,0,10,0,0,0,0,0,0,0,0,0,0,0,7.333333333,0,0,0,0,0,0,0,0,0,0,21,0,0,0,0,0,0,0,0,0,0,0,6.666666667,0,0,0,0,53.33333333,0,0,0,0,10,0,0,0,0,0,0,0,0,0,0,0,0
F18_CHN5,0,0,0,0,0,0,0,0,0,0,0,0,2,22,0,0,0,0,0,0,0,0,0,0,0,0,0,0,0,0,0,0,48,12,0,0,0,0,0,0,0,0,0,0,0,0,0,2,0,0,0,0,0,22,0,0,148,14,0,140,0,0,46,0,0,0,0,0,0,0,0,2,302,4,0,0,8,22,0,0,2,0,0,0,0,0,0,0,0,0,0,0,4,0,0,0,0,0,0,2,2,0,0,14,0,0,0,0,0,0,0,2,0,0,0,0,0,2,0,0,104,0,0,0,0,2,0,0,0,0,0,4,0,0,0,0,0,0
F18_SBR1,0,0,0,0,0,0,0,0,0,0,0,0,22.8,20.4,0,0,0,0,0,0,0,0,0,0,0,0,0,2.4,1,0,0,0,10.8,0,0,0,0,0,0,0,0,0,0,0,0,1.2,0,7.2,0,0,0,0,0,69.6,0,0,45.6,51.6,0,22.8,0,0,12,0,0,0,0,0,0,0,0,0,58.8,0,0,0,10.8,8.4,0,0,0,0,0,0,0,0,0,0,0,0,0,0,2.2,0,0,0,0,0,0,16.8,2,0,0,0,0,0,0,0,0,0,0,8.4,0,0,0,2.4,0,0,0,1.2,34.8,0,2.4,0,0,0,0,0,0,1.2,1.2,0,0,0,0,0,0,0
F18_SBR2,0,0,0,0,0,0,0,0,0,0,0,0,4,15,0,3,0,0,0,0,0,0,0,0,0,0,0,0,0,0,1,0,112,5,0,0,0,0,0,0,0,0,0,0,0,0,0,14,0,0,0,0,0,57,0,0,25,59,0,10,0,0,24,0,0,0,0,0,0,0,0,1,89,0,0,0,19,1,0,0,0,0,0,0,0,0,0,0,0,0,0,0,1,0,0,0,0,0,0,6,1,0,0,0,0,0,0,0,0,0,0,20,0,0,0,0,0,0,0,0,25,0,2,0,0,0,3,0,0,0,0,0,0,0,0,0,0,0
F18_SBR3,0,0,0,0,0,0,0,0,0,0,0,0,7,3,0,0,0,0,0,0,0,0,0,0,0,0,0,0,0,0,1,0,38,1,0,0,0,0,0,0,0,1,0,0,0,0,0,27,0,0,0,0,0,64,0,0,34,85,0,11,0,0,13,0,0,0,0,0,0,0,0,0,65,0,0,0,4,4,0,0,0,0,0,0,0,0,0,0,0,0,0,0,0,0,0,0,0,0,0,4,2,0,0,0,0,0,0,0,0,0,0,8,0,0,0,0,0,0,0,1,31,0,3,0,0,0,0,0,0,2,0,0,0,0,0,0,0,0
F18_SBP1,0,2.4,134.4,0,0,0,0,0,0,0,0,0,0,2.4,0,0,0,0,0,0,0,0,0,0,0,0,0,0,0,0,0,1.2,153.6,13.2,0,0,0,0,0,1.2,0,1.2,0,0,0,0,0,0,0,0,0,0,0,0,0,0,0,0,2.4,0,0,0,10.8,0,2.4,0,0,0,0,0,0,0,3.6,0,0,0,0,2.4,0,1.2,6,0,0,1.2,0,0,0,0,0,0,0,0,0,0,0,0,0,0,0,0,0,0,1.2,2.4,3.6,0,0,0,0,0,0,1.2,0,0,0,0,0,0,0,0,2.4,0,0,0,0,0,0,0,1.2,0,15.6,0,0,0,0,0,0,0
F18_SBP2,0,3,43,0,0,0,0,0,0,0,0,0,0,0,0,0,0,0,0,0,0,0,0,0,0,0,0,0,0,0,0,0,76,9,0,0,0,0,0,0,0,0,0,0,0,0,0,0,0,0,0,0,0,1,0,0,1,1,4,0,0,0,25,0,1,0,0,0,0,0,0,0,8,2,0,0,0,1,1,3,14,0,0,0,0,0,0,0,1,1,0,0,0,0,0,0,0,0,0,0,0,0,1,3,0,0,0,0,0,0,0,5,0,0,0,0,0,0,0,0,0,0,0,0,0,0,0,0,0,0,6,0,0,0,0,0,0,0
F18_SBP5,0,4,29,0,0,0,0,0,0,0,0,0,0,4,0,0,0,0,0,0,0,0,0,0,0,0,0,0,0,0,7,2,93,2,0,0,0,0,0,0,0,0,0,0,0,0,0,0,0,0,0,0,0,1,0,0,1,0,2,0,0,0,56,0,1,0,0,0,0,0,1,0,12,4,0,0,0,2,3,4,16,0,0,0,0,0,0,0,0,0,0,0,0,0,0,0,0,0,0,0,0,0,0,20,1,0,0,0,0,0,0,4,0,0,0,0,0,0,0,0,2,0,0,0,0,0,0,0,1,1,7,0,0,0,0,0,0,0
F18_SBN1,0,1,0,0,0,0,0,0,0,0,0,0,3,34,0,0,2,0,0,0,0,0,0,0,0,0,3,0,0,0,0,0,46,22,0,0,0,0,0,0,0,0,0,0,0,0,0,0,0,0,0,0,0,66,0,0,30,3,0,48,0,0,60,0,0,0,0,0,0,0,0,3,154,9,0,0,1,45,0,0,0,0,0,0,0,0,0,0,0,0,0,0,1,0,0,0,0,0,0,0,1,0,1,10,0,0,0,0,0,0,0,42,0,0,0,0,0,0,0,0,66,0,2,0,0,0,0,0,0,2,0,6,0,0,0,0,0,0
F18_SBN3,0,0,0,0,0,0,0,0,0,0,0,0,2,10,0,0,0,0,0,0,0,0,0,0,0,0,0,2,0,0,0,0,68,7,0,0,0,0,0,0,0,0,0,0,0,0,0,0,0,0,0,0,0,50,0,0,37,1,0,72,0,0,28,0,0,0,0,0,0,0,0,1,95,3,0,0,0,20,0,1,1,0,0,0,0,0,0,0,0,0,0,0,2,0,0,0,0,0,0,1,0,0,0,2,0,0,0,0,0,0,0,47,0,0,0,3,0,0,0,0,45,0,0,0,0,1,0,0,0,1,1,4,0,0,0,0,0,0
F18_SBN5,0,1,0,0,0,0,0,0,0,0,0,0,0,15,0,0,0,0,0,0,0,0,0,0,0,0,0,0,0,0,0,0,75,12,0,0,0,0,0,0,0,0,0,0,0,0,0,0,0,0,0,0,0,45,0,0,14,0,0,67,0,0,32,0,0,0,0,0,0,0,0,2,97,8,0,0,0,15,0,0,0,0,0,0,0,0,0,0,0,0,0,0,0,0,0,0,0,0,0,1,0,0,1,9,0,0,0,0,0,0,0,24,0,0,0,0,0,0,0,0,26,0,0,0,0,1,0,0,0,0,6,0,0,0,0,0,0,0
S19_BFR1,0,0,0,0,0,0,0,0,0,0,0,0,45,15,0,0,0,0,0,0,0,0,0,0,0,0,0,0,0,0,15,0,2340,60,0,0,0,0,0,0,0,0,0,0,0,0,0,795,0,0,0,0,0,360,0,0,165,0,0,30,0,15,210,0,0,0,15,0,0,0,0,0,135,105,0,0,0,0,0,0,0,0,0,0,0,0,0,0,0,0,0,0,0,0,0,0,0,0,0,0,0,0,0,0,0,0,0,0,0,1,0,0,30,0,0,0,0,0,30,15,60,0,0,0,0,0,0,0,0,0,0,0,0,0,0,0,0,0
S19_BFR2,0,0,0,0,0,0,0,0,0,0,0,0,15,15,0,0,0,0,0,0,0,0,0,0,0,0,0,0,0,0,0,0,1620,90,0,0,0,0,0,0,0,0,0,0,0,0,0,4560,420,0,0,0,0,450,0,0,255,15,0,15,0,0,105,0,0,15,30,0,0,0,0,0,0,135,0,0,0,0,0,0,0,0,0,0,0,0,0,0,0,0,0,0,2,0,0,0,0,0,0,0,0,0,0,0,0,0,0,0,0,0,0,0,0,0,0,0,0,0,0,75,60,0,0,0,0,0,0,0,0,0,0,0,0,0,0,0,0,0
S19_BFR4,0,0,0,0,0,0,0,0,0,0,0,0,0,0,0,0,0,0,0,0,0,0,0,0,0,0,0,0,1,0,0,0,3420,150,0,0,0,0,0,0,0,0,0,0,0,0,0,2790,90,0,0,0,0,1110,0,0,420,0,0,30,0,0,420,0,0,0,30,0,0,0,0,0,60,420,0,0,0,0,0,0,0,0,0,0,0,0,0,0,0,0,0,0,0,0,0,0,0,0,0,0,1,0,0,0,0,0,0,0,0,0,0,0,0,0,0,0,0,0,0,31,30,0,0,0,0,0,0,0,0,0,0,0,0,0,0,0,0,0
S19_BFP1,0,10,0,0,0,0,0,0,16,2,0,0,2,6,0,0,0,8,0,0,0,0,0,0,0,0,0,0,8,0,4,4,70,24,0,0,0,0,0,4,0,0,0,0,0,0,0,6,0,0,0,0,0,2,0,0,0,0,70,0,0,0,4,0,4,0,0,0,0,0,0,0,0,520,0,0,0,0,0,0,0,0,0,0,0,0,0,0,0,0,0,0,0,0,0,0,0,0,0,0,0,0,5,4,2,0,0,0,0,0,0,0,0,0,0,0,0,0,0,0,0,0,0,0,0,0,0,0,0,0,2,0,0,0,0,0,0,0
S19_BFP3,0,15,0,0,1,0,0,0,0,0,0,0,0,6,0,0,0,3,0,0,0,0,0,0,0,0,0,0,18,0,21,6,342,63,0,0,0,0,0,12,0,0,0,0,0,0,0,0,0,0,0,0,0,0,0,0,0,0,108,3,0,0,0,0,3,0,0,0,0,0,0,0,0,735,0,0,0,0,0,6,0,0,0,0,0,0,0,0,0,0,0,0,0,0,0,0,0,0,0,0,0,0,0,0,0,2,1,0,0,0,0,0,0,0,1,0,0,0,0,0,0,0,0,0,0,0,0,0,0,0,0,0,0,0,0,0,0,0
S19_BFP5,0,3,0,0,0,0,0,0,0,0,0,0,0,9,0,0,0,0,6,0,0,0,0,0,0,0,0,0,24,0,9,0,456,54,0,0,0,0,0,0,0,0,0,0,0,0,0,0,0,0,0,0,0,0,0,0,0,0,33,0,0,0,0,0,0,0,0,0,0,0,0,0,0,474,0,0,0,0,0,6,0,0,0,0,0,0,0,0,0,0,0,0,0,0,0,0,0,0,0,0,0,0,0,0,3,0,0,0,0,0,0,0,0,0,0,0,0,0,0,0,0,0,0,0,0,0,0,0,0,0,6,0,0,0,0,0,0,0
S19_BFN1,0,0,0,0,0,0,0,0,0,0,0,0,0,2,0,0,0,0,0,0,0,0,0,0,0,0,0,0,0,0,8,0,455,21,0,0,0,0,0,0,0,0,0,1,0,0,0,7,1,0,0,0,0,5,0,0,3,0,0,12,0,0,2,0,0,0,0,0,20,0,0,0,35,12,0,0,0,0,0,0,0,0,0,0,0,0,0,0,0,0,0,0,0,0,0,0,0,0,0,0,0,0,0,0,0,0,0,0,0,0,0,0,0,0,0,0,0,0,0,5,2,0,1,0,0,0,0,0,0,0,0,1,0,0,0,0,0,0
S19_BFN2,0,0,0,0,0,0,0,0,0,0,0,0,4,2,0,1,0,0,0,0,0,0,0,0,0,0,0,0,0,0,7,0,418,34,0,0,0,0,0,0,0,1,0,2,0,0,0,15,1,0,0,0,0,29,0,0,14,0,0,23,0,1,10,0,0,0,2,0,15,0,0,0,26,24,0,0,0,0,0,0,0,0,0,0,0,0,0,0,0,0,0,0,0,0,0,0,0,0,0,1,0,0,0,0,0,0,0,0,0,0,0,0,0,0,0,0,0,0,4,3,4,0,0,0,0,0,0,0,0,0,0,0,0,0,0,0,0,0
S19_BFN3,0,2,0,0,0,0,0,0,0,0,0,0,5,14,0,0,0,0,0,0,0,0,0,0,0,0,0,0,2,0,20,0,201,28,0,0,0,0,0,0,0,0,0,0,0,0,0,9,2,0,0,0,0,0,0,0,0,0,0,21,0,0,7,0,0,1,0,0,10,0,0,6,9,37,0,0,0,0,0,0,0,0,0,0,0,0,0,0,0,0,0,0,0,0,0,0,0,0,0,0,0,0,0,0,0,0,0,0,0,1,0,0,0,0,0,0,0,0,0,0,11,0,1,0,0,0,1,0,0,3,0,0,0,0,0,0,0,0
S19_CHR2,0,0,0,0,0,0,0,0,0,0,0,0,15,0,0,0,0,0,0,0,0,0,0,0,0,0,0,3,1,0,0,0,735,15,0,0,0,0,0,0,0,0,0,0,0,0,0,4155,120,0,0,0,0,1035,0,0,225,30,0,60,0,0,375,0,0,0,45,0,0,0,0,0,45,60,0,0,0,0,0,0,0,0,0,0,0,0,0,0,0,0,0,0,0,0,0,0,0,0,0,0,0,0,0,0,0,0,0,0,0,0,0,0,0,0,0,0,0,0,0,16,0,1,0,0,0,15,15,0,0,0,0,0,0,0,0,0,0,0
S19_CHR3,0,0,0,0,0,0,0,0,0,0,0,0,8,0,0,0,0,0,0,0,0,0,0,0,0,0,0,0,0,0,0,0,384,16,0,0,0,0,0,0,0,0,0,0,0,0,0,3216,24,0,0,0,0,880,0,0,192,88,0,48,0,0,384,0,0,0,24,0,0,0,0,0,16,24,0,0,0,0,0,0,0,0,0,0,0,0,0,0,0,0,0,0,1,0,0,0,0,0,0,0,0,0,0,0,0,0,0,0,0,0,0,0,0,0,0,0,0,0,0,32,24,0,0,0,0,32,0,0,0,8,0,0,0,0,0,0,0,0
S19_CHR4,0,0,0,0,0,0,0,0,0,0,0,0,45,60,0,0,15,0,0,0,0,0,0,0,0,0,0,0,15,0,30,0,465,45,0,0,0,0,0,0,0,0,0,0,0,0,0,2430,0,0,0,0,0,480,0,0,195,45,0,45,0,0,480,0,0,0,90,0,0,0,0,0,0,90,0,0,0,5,0,0,0,0,0,0,0,0,0,0,0,0,0,0,0,0,0,0,0,0,0,0,2,0,0,0,0,0,0,0,0,0,0,0,15,0,0,0,0,0,0,90,15,0,0,0,0,15,15,0,0,45,0,0,0,0,0,0,0,0
S19_CHP1,0,0,0,0,0,0,0,0,0,0,0,0,0,0,0,0,0,5.615384615,0,0,0,0,0,0,0,2.307692308,0,0,33,0,4.615384615,11.53846154,276.9230769,25.38461538,0,0,0,0,0,0,0,0,0,0,0,0,0,0,0,0,0,0,0,0,0,0,0,0,13.84615385,0,0,2.307692308,9.230769231,0,0,0,0,0,0,0,0,0,32.30769231,76.15384615,0,0,0,0,0,2.307692308,0,0,0,0,0,0,0,0,0,0,0,0,0,0,0,0,2.307692308,0,0,0,0,0,0,0,0,0,0,0,0,0,0,0,0,0,0,0,0,0,0,0,0,0,0,0,0,0,0,0,0,0,0,0,0,0,0,0,0,0
S19_CHP2,0,45,0,0,0,0,0,0,1,0,0,0,0,4,0,0,0,0,0,0,0,0,0,1,0,0,0,0,15,0,0,3,302,24,0,0,0,0,0,3,0,0,0,0,0,0,0,0,0,0,0,0,0,1,0,0,2,1,11,0,0,0,1,0,1,0,0,0,0,0,0,0,7,56,0,0,0,0,0,3,0,0,0,0,0,0,0,0,0,0,0,0,0,0,3,0,0,0,0,0,0,0,0,1,0,0,0,0,0,0,0,0,0,0,0,0,0,0,0,0,0,0,0,0,0,0,0,0,0,0,1,0,0,0,0,0,0,0
S19_CHP5,0,7,0,0,0,0,0,0,0,0,0,0,1,19,0,0,0,3,0,0,0,0,0,0,0,0,0,0,12,0,6,5,476,29,0,0,0,0,0,1,0,0,0,1,0,0,0,0,0,0,0,0,0,5,0,0,3,0,23,0,1,16,2,0,1,0,0,0,0,0,0,2,15,183,0,0,0,0,0,4,1,0,1,0,0,0,0,0,0,0,0,0,0,0,0,0,0,0,0,0,0,0,0,0,3,0,0,0,1,0,0,0,0,0,0,0,0,0,0,0,0,0,0,0,0,0,0,0,0,0,1,1,0,0,0,0,0,0
S19_CHN1,0,0,0,0,0,0,0,0,0,0,0,0,0,0,0,0,0,0,0,0,0,0,0,0,0,0,0,0,1,0,8,0,96,0,0,0,0,0,0,0,0,0,0,0,0,0,0,1344,16,0,0,0,0,312,0,0,72,0,0,16,0,0,400,0,0,0,8,0,0,0,0,0,24,32,0,0,0,0,0,0,0,0,0,0,0,0,0,0,0,0,0,0,8,0,0,0,0,0,0,0,1,0,0,0,0,0,0,0,0,1,0,0,0,0,0,0,0,0,0,0,0,0,0,0,0,8,0,0,0,0,0,0,0,0,0,0,0,0
S19_CHN2,0,4,0,0,0,0,0,0,0,0,0,0,8,8,0,0,0,0,0,0,0,0,0,0,0,0,0,0,2,0,0,0,76,24,0,0,0,0,0,0,0,0,0,0,0,0,0,1328,40,0,0,0,0,396,0,0,160,8,0,76,0,0,404,0,0,0,16,0,0,0,1,0,80,4,0,0,0,0,0,0,0,0,0,0,0,0,0,0,0,0,0,0,0,0,0,0,0,0,0,0,3,0,0,0,0,0,0,0,0,2,0,0,0,0,0,0,0,0,0,4,8,0,0,0,0,8,0,0,0,16,0,0,0,0,0,0,0,0
S19_CHN3,0,0,0,0,0,0,0,0,0,0,0,0,15,15,0,0,0,0,0,0,0,0,0,0,0,0,0,0,0,0,15,0,142.5,15,0,0,0,0,0,0,0,0,0,0,0,0,0,1342.5,60,0,0,0,0,345,0,0,90,0,0,75,0,7.5,412.5,0,0,0,22.5,0,7.5,0,0,0,112.5,45,0,0,0,1,0,0,0,0,0,0,0,0,0,0,0,0,0,0,0,0,0,0,0,0,0,0,1,0,0,0,0,0,0,0,0,0,0,0,0,0,0,0,0,0,0,0,0,0,0,0,0,15,0,0,0,22.5,0,0,0,0,0,0,0,0
S19_SBR2,0,0,0,0,0,0,0,0,0,0,0,0,20,2,0,0,0,0,0,0,0,0,0,0,0,0,0,0,0,0,0,0,58,12,0,0,0,0,0,0,0,6,0,0,0,0,0,24,0,0,0,0,0,394,0,0,174,96,0,10,0,0,56,0,0,4,0,0,0,0,1,0,32,0,0,0,0,0,0,0,0,0,0,0,0,0,0,0,0,0,0,0,4,0,0,0,0,0,0,0,1,0,0,0,0,0,0,0,0,0,0,0,0,0,0,0,0,0,0,2,8,0,0,0,0,0,0,0,0,0,0,0,0,0,0,0,0,0
S19_SBR3,0,0,0,0,0,0,0,0,0,0,0,0,36,12,0,0,0,0,0,0,0,0,0,0,0,0,0,0,0,0,6,0,162,18,0,0,0,0,0,0,0,0,0,0,0,0,0,744,0,0,0,0,0,210,0,0,120,348,0,0,0,0,96,0,0,6,12,0,0,0,0,0,24,0,0,0,0,0,0,0,0,0,0,0,0,0,0,0,0,0,0,0,0,0,0,0,0,0,0,0,0,0,0,0,0,0,0,0,0,0,0,0,6,0,0,0,0,0,0,18,12,0,6,0,0,0,0,0,0,0,0,0,0,0,0,0,0,0
S19_SBR4,0,0,0,0,0,0,0,0,0,0,0,0,12,0,0,0,6,0,0,0,0,0,0,0,0,0,0,0,0,0,0,0,261,12,0,0,0,0,0,0,0,0,0,0,0,0,0,240,3,0,0,0,0,168,0,0,75,291,0,0,0,3,60,0,0,0,18,0,0,0,0,0,21,0,0,0,18,0,0,0,0,0,0,0,0,0,0,0,0,0,0,0,1,0,0,0,0,0,0,1,3,0,0,0,0,0,0,0,0,0,0,0,0,0,0,0,0,0,0,3,3,0,3,0,0,0,0,0,0,0,0,0,0,0,0,0,0,0
S19_SBP1,0,0,0,0,0,0,0,0,0,0,0,0,0,9,0,0,0,0,0,0,0,0,0,0,0,0,0,0,0,3,0,33,1335,60,0,0,0,0,0,36,15,0,0,0,0,0,0,0,0,0,0,0,0,0,0,0,6,0,111,0,0,6,57,0,0,0,0,0,0,0,0,0,3,12,0,0,0,0,0,18,0,0,0,0,0,0,0,0,0,0,0,0,0,0,0,0,0,0,0,0,0,0,0,0,0,0,0,0,0,0,0,0,0,0,0,0,0,0,0,0,0,0,0,0,0,0,0,0,0,0,0,0,0,0,0,0,0,0
S19_SBP2,0,0,0,0,0,0,0,0,0,0,0,0,0,0,0,0,0,0,0,0,0,0,0,0,0,0,0,0,0,0,8,26,690,24,0,0,0,0,0,14,0,0,0,0,0,0,0,0,2,0,0,0,0,0,0,0,4,0,116,0,0,2,14,0,0,0,0,0,0,0,0,0,2,2,0,0,0,0,0,6,0,0,0,0,0,0,0,0,0,0,0,0,0,0,0,0,0,0,0,0,0,0,0,1,0,0,0,0,0,0,0,0,0,0,0,0,0,0,0,0,0,0,0,0,0,0,0,0,0,0,1,0,0,0,0,0,0,0
S19_SBP5,0,0,0,0,0,0,0,0,0,0,0,0,0,3,0,0,0,0,0,0,0,0,0,0,0,0,0,0,2,0,0,11,32,4,1,0,0,0,0,0,0,0,0,0,0,0,0,0,0,0,0,0,0,2,0,0,13,0,15,0,0,0,45,0,0,1,0,0,0,0,0,0,6,6,0,0,0,0,0,0,0,0,0,0,0,0,0,0,0,0,0,0,0,0,0,0,0,0,0,0,0,0,0,1,0,0,0,0,0,0,0,0,0,0,0,0,0,0,0,0,0,0,0,0,0,0,0,0,0,0,0,0,0,0,0,0,0,0
S19_SBN2,0,0,0,0,0,0,0,0,0,0,0,0,3,2,0,0,1,0,0,0,0,0,0,0,0,0,0,0,0,0,1,0,40,2,0,0,0,0,0,0,0,1,0,0,0,0,0,14,0,0,0,0,0,252,0,0,202,6,0,26,0,0,65,0,0,3,1,0,0,0,1,0,18,0,0,0,0,0,0,0,0,0,0,0,0,0,0,0,0,0,0,0,0,0,0,0,0,0,0,0,0,0,0,0,0,0,0,0,0,0,0,0,0,0,0,0,0,1,0,0,2,0,2,0,0,1,0,0,0,1,0,0,0,0,0,0,0,0
S19_SBN3,0,0,0,0,0,0,0,0,0,0,0,0,1,2,0,1,0,0,0,0,0,0,0,0,0,0,0,0,0,0,2,1,37,4,0,0,0,0,0,0,0,0,0,0,0,0,0,1,5,0,0,0,0,273,0,0,150,6,0,30,0,0,96,0,0,1,2,0,0,0,0,0,22,0,0,0,0,0,0,0,0,0,0,0,0,0,0,0,0,0,0,0,1,0,0,0,0,0,0,0,1,0,0,0,0,0,0,0,0,0,0,0,0,0,0,0,0,2,0,0,6,0,0,0,0,0,1,0,0,0,1,0,0,0,0,0,0,0
S19_SBN5,0,0,0,0,0,0,0,0,0,0,0,0,1,0,0,0,0,0,0,0,0,0,0,0,0,0,0,0,0,0,2,0,35,3,0,0,0,0,0,0,0,0,0,0,0,0,0,13,1,0,0,0,0,327,0,0,215,3,0,26,0,0,64,1,0,1,3,0,0,0,0,1,10,0,0,0,0,1,0,0,0,0,0,0,0,0,0,0,0,0,0,0,0,0,0,0,0,0,0,0,2,0,0,1,0,0,0,0,0,0,0,0,0,0,0,0,0,3,0,1,1,0,0,0,0,1,0,0,0,1,0,0,0,0,0,0,0,0
F19_TCR1,0,0,0,0,0,3,0,0,0,0,0,0,0,1,0,0,0,0,0,0,3,0,0,2,0,0,0,0,0,4,53,2,148,6,0,0,0,0,0,7,0,12,0,0,0,1,0,75,18,0,0,0,0,0,0,0,29,0,0,0,0,17,44,0,1,0,0,0,0,0,0,0,0,1,0,0,0,0,0,0,0,0,0,0,0,0,0,0,0,0,0,0,0,0,0,0,0,0,0,0,0,0,0,0,0,0,0,0,0,0,5,0,0,0,0,0,0,1,0,0,0,0,1,0,0,0,0,0,0,0,0,1,0,0,0,3,0,0
F19_TCR2,0,0,0,1,0,14,0,0,0,0,0,0,0,0,0,0,0,0,0,0,0,0,0,0,0,0,0,0,0,3,8,2,32,1,0,0,0,0,0,1,0,12,0,4,0,2,0,20,5,0,3,0,0,0,0,0,33,0,0,0,0,11,72,0,0,0,0,0,0,0,0,0,0,1,0,0,0,0,0,0,0,2,0,0,0,0,0,0,0,0,0,0,0,0,0,0,0,0,0,0,0,0,0,0,0,0,0,0,0,0,34,0,0,0,0,0,0,2,0,0,0,0,0,0,0,0,0,0,0,0,0,0,0,0,0,0,1,0
F19_TCR3,0,0,0,0,0,0,0,0,0,0,0,0,0,0,0,0,0,0,0,0,0,0,3,0,0,0,0,0,0,0,90,0,4980,360,0,0,0,0,0,0,0,30,0,0,0,0,0,2940,60,0,0,0,0,0,0,0,0,0,90,0,0,0,330,0,0,0,0,0,0,0,0,0,0,330,0,0,0,0,0,0,0,9,0,0,0,0,0,0,0,0,0,0,0,0,0,0,0,0,0,0,0,0,0,0,0,0,0,0,0,0,0,0,0,0,0,0,0,0,0,0,0,0,0,0,0,0,0,0,0,0,0,0,0,0,0,0,0,0
F19_TCP1,0,0,0,0,0,0,0,0,0,0,0,0,0,0,0,0,0,0,1,4,1,0,0,1,0,0,0,0,0,4,10,7,78,18,2,3,0,0,0,31,2,0,0,0,0,0,0,20,0,0,1,0,0,0,0,0,0,0,19,0,0,30,6,0,2,0,0,0,0,0,0,0,0,5,0,0,0,0,0,0,0,3,0,0,0,0,0,0,0,0,0,0,0,0,0,0,0,0,0,0,0,0,0,0,0,0,0,0,0,0,0,0,0,0,0,0,0,1,0,0,0,0,0,0,0,0,0,0,0,0,0,0,0,0,0,0,0,0
F19_TCP2,0,0,0,0,0,5,0,0,0,0,0,0,0,0,0,0,0,0,10,5,0,0,2,7,5,0,0,0,0,0,30,0,400,65,5,0,0,0,0,20,0,0,0,0,0,0,0,25,5,0,0,0,0,0,0,0,0,0,135,0,0,190,130,0,20,0,0,0,0,0,0,0,0,115,0,0,0,0,0,0,0,0,0,0,0,0,1,0,5,0,0,0,0,0,0,0,0,0,0,0,0,15,1,31,0,0,0,0,0,0,1,0,0,0,0,0,0,10,0,0,0,0,0,0,0,0,0,0,0,0,5,0,0,0,0,0,0,0
F19_TCP3,0,0,0,0,10,0,6,7,0,0,0,0,0,0,0,0,0,0,0,10,0,0,0,10,0,0,0,0,0,0,10,0,1530,210,10,780,530,0,0,20,20,0,0,0,0,0,0,0,0,0,0,0,0,0,0,0,0,0,530,0,0,0,0,0,0,0,0,0,0,0,0,0,0,10,0,0,0,0,0,0,0,0,0,0,0,1,0,0,0,0,0,0,0,0,0,0,0,0,0,0,0,0,0,0,0,0,0,0,0,0,0,0,0,0,0,0,0,0,0,0,0,0,0,0,0,0,0,0,0,0,0,0,0,0,0,0,0,0
F19_CCR1,0,0,0,0,0,0,0,0,0,0,4,0,36,8,0,0,0,0,0,0,0,0,0,0,0,0,0,8,0,0,0,0,648,40,0,0,0,0,0,0,0,12,0,0,0,24,0,416,12,0,0,0,0,4,0,0,80,68,0,0,0,0,8,0,0,0,0,4,0,0,0,0,80,0,0,144,0,0,0,0,0,0,0,0,0,0,0,0,0,0,0,0,0,0,0,0,0,0,0,0,8,0,0,12,0,0,0,0,0,4,0,0,0,8,0,4,0,0,64,28,32,0,0,0,0,0,0,0,0,0,0,0,0,0,0,164,0,0
F19_CCR2,0,0,0,0,0,0,0,0,0,0,0,0,0,5,0,0,1,0,0,0,0,0,0,0,0,0,0,6,0,0,1,0,77,7,0,0,0,0,0,0,0,0,0,0,0,0,0,24,4,0,0,0,0,4,0,0,30,5,0,0,0,0,3,0,0,0,0,23,0,0,0,0,35,0,0,139,0,0,0,0,1,0,0,0,0,0,0,0,0,0,0,0,0,0,0,0,0,0,0,0,4,0,0,29,0,0,0,0,0,0,0,2,0,0,0,3,0,0,25,1,1,0,0,2,0,0,2,0,0,0,0,0,0,0,0,89,0,0
F19_CCR3,0,0,0,0,0,0,0,0,0,0,0,0,4,10,0,0,0,0,0,0,0,0,0,0,0,0,0,2,0,0,2,0,216,10,0,0,0,0,0,0,0,8,0,0,0,4,0,62,0,0,0,0,0,8,0,0,66,32,0,0,0,0,2,0,0,0,0,26,0,0,0,0,22,0,0,184,0,0,0,0,0,0,0,0,0,0,0,0,0,0,0,0,0,0,0,0,0,0,0,0,10,0,0,40,0,0,2,0,0,8,0,0,0,0,0,2,0,4,20,0,4,0,0,0,0,0,4,0,0,0,0,0,0,0,0,30,0,0
F19_CCP1,0,0,66,0,0,0,0,0,3,0,0,0,0,2,0,0,0,0,0,0,0,0,0,0,0,0,0,0,0,0,133,1,24,0,1,0,4,2,0,2,1,0,0,0,0,0,3,1,0,0,0,0,0,0,0,0,0,1,2,0,0,3,0,0,4,0,0,0,0,0,0,0,5,1,0,0,0,0,0,0,31,0,0,0,0,0,0,0,1,0,0,0,0,0,0,0,1,0,0,0,0,0,1,37,2,0,0,0,0,0,0,0,0,0,0,0,0,0,0,0,0,0,0,0,0,0,0,0,1,0,0,0,0,0,0,0,0,0
F19_CCP2,0,0,41,0,0,0,0,0,2,0,0,0,0,2,0,0,0,0,0,0,0,0,0,0,0,0,0,0,1,0,4,0,76,6,0,0,0,0,0,3,0,0,0,0,0,0,0,0,0,0,0,0,1,0,0,0,0,0,2,0,0,3,3,0,3,0,0,0,0,0,0,0,1,1,2,0,0,0,0,0,20,0,0,0,0,0,0,0,0,0,0,0,0,0,0,0,0,0,0,0,0,0,0,37,0,0,0,0,0,0,0,1,0,0,1,0,0,0,0,0,0,0,0,0,0,1,0,0,0,0,0,0,0,0,0,0,0,0
F19_CCP3,0,0,1,0,0,0,0,0,0,0,0,0,0,0,0,0,0,0,0,0,0,0,0,0,0,0,0,1,0,0,3,0,10,4,0,0,0,0,0,1,0,0,0,0,0,0,0,0,0,0,0,0,0,0,0,0,1,0,0,0,2,7,2,0,6,0,0,0,0,0,0,0,2,0,0,0,0,0,1,0,1,0,0,0,0,0,0,0,0,0,0,0,0,0,0,0,1,0,0,0,0,0,1,2,0,0,0,0,0,0,0,2,0,0,0,0,0,0,0,0,0,0,0,0,0,0,0,0,1,0,1,0,0,0,0,0,0,0
F19_FCR1,0,0,0,0,0,0,0,0,0,0,0,0,1,102,0,0,0,0,0,0,0,0,0,0,0,0,4,0,0,0,0,0,39,4,0,0,0,0,0,0,0,0,0,0,0,0,0,63,2,0,0,0,0,19,0,0,24,30,0,0,0,0,8,0,0,0,0,0,0,0,0,3,3,5,0,0,0,0,0,0,0,0,0,0,0,0,0,0,0,0,0,0,0,0,0,0,0,0,0,6,0,0,0,0,0,0,0,0,0,2,0,0,0,0,0,0,0,0,0,6,0,0,5,0,0,0,18,0,0,11,0,1,0,0,0,0,0,0
F19_FCR2,0,0,0,0,0,0,0,0,0,0,0,0,66,146,0,0,0,0,0,0,0,0,0,0,0,0,0,0,0,0,0,0,108,8,0,0,0,0,0,0,0,0,0,0,0,0,0,140,0,0,0,0,0,54,0,0,22,116,0,0,0,0,16,0,0,0,0,0,0,0,0,0,0,6,0,0,0,0,0,0,0,0,0,0,0,0,0,0,0,0,0,0,0,0,0,0,0,0,0,6,2,0,0,0,0,0,0,0,0,2,0,0,0,0,0,0,0,4,0,14,0,0,10,0,0,0,18,0,0,12,0,0,0,0,0,2,0,0
F19_FCR3,0,0,0,0,0,0,0,0,0,0,0,0,10,506,0,0,0,0,0,0,0,0,0,0,0,0,16,0,0,0,0,0,98,6,0,0,0,0,0,0,0,0,0,0,0,0,0,16,6,0,0,0,0,16,0,0,14,12,0,0,0,0,44,0,0,0,0,0,0,0,0,0,18,6,0,0,0,0,0,0,0,0,0,0,0,0,0,0,0,0,0,0,0,0,0,0,0,0,0,12,6,0,0,6,0,0,0,0,0,4,0,0,0,0,1,0,0,0,0,2,2,0,18,0,0,0,46,0,0,10,0,0,0,0,0,8,0,0
F19_FCP1,0,0,0,0,0,0,0,0,6,0,0,0,18,90,0,0,0,0,0,0,0,0,0,0,0,0,12,0,0,0,0,0,147,33,0,0,0,0,0,0,0,0,0,0,0,0,0,18,6,0,0,0,0,9,0,0,12,6,0,3,0,9,147,0,3,0,0,0,0,0,0,0,60,108,0,0,0,0,0,0,3,0,0,0,0,0,0,3,0,0,0,0,0,0,0,0,0,3,0,3,0,0,9,6,0,0,27,0,0,3,3,0,0,0,3,0,0,84,0,0,0,0,105,0,0,6,0,0,0,0,114,9,0,0,0,0,12,0
F19_FCP2,0,0,0,0,0,0,0,0,8,0,0,0,21,62,0,0,0,0,0,0,0,0,0,0,0,0,5,0,0,0,15,4,71,8,0,0,0,0,0,1,0,0,0,0,0,0,0,4,0,0,0,0,0,0,0,1,24,1,4,4,0,18,138,0,1,0,0,0,0,0,0,1,48,71,0,0,0,1,0,0,0,0,0,0,0,0,0,0,0,0,0,0,0,0,0,0,0,0,0,0,1,0,5,8,0,0,16,0,0,2,2,0,0,0,0,0,0,4,0,1,0,0,26,0,0,3,0,0,0,1,11,1,0,0,1,0,6,0
F19_FCP3,0,0,0,0,0,0,0,0,8,0,0,0,0,35,5,0,0,0,0,0,1,0,0,0,0,0,0,0,0,0,27,0,213,3,0,0,0,0,0,0,0,0,0,0,0,0,0,0,0,0,0,0,0,0,0,0,5,0,2,1,2,0,45,0,0,0,0,0,0,0,0,1,4,22,0,0,0,2,0,0,0,2,0,0,0,0,0,3,0,0,0,0,0,0,0,0,0,10,0,1,0,0,15,0,0,0,17,1,0,0,3,0,0,0,0,0,0,0,0,0,0,0,0,0,0,0,0,0,0,0,3,2,0,0,0,0,0,0
